Фото;QR
https://drive.google.com/file/d/1EFBpB3SoaLNM1k44cGSbrR4pQe-RoE9-/view?usp=drivesdk;d4e6e1ca
https://drive.google.com/file/d/1VXjOxtLv1A1KYd7bHuiWLWtPaqPY5aIY/view?usp=sharing;a487eed8
https://drive.google.com/file/d/1K0E1OSRnMoCULU39la1Z-rRqq_A2BTN0/view?usp=sharing;910178d0
https://drive.google.com/file/d/13bc9dsJqeZCuCxt8uqk8zR87pIGNeFQh/view?usp=drivesdk;5801fb82
https://drive.google.com/file/d/1TyByTKfc0AC_ozw3yN_fIucJlsRtKIHt/view?usp=sharing;d7f19623
https://drive.google.com/file/d/1p5bimKQ_XFtMwI6U6MYeQdiyrFZvWlON/view?usp=sharing;d3a9b4d7
https://drive.google.com/file/d/1RPOHJ1GWvjizii9xAr01XsF1gyk8R4AI/view?usp=sharing;59698dad
https://drive.google.com/file/d/1iqDLkjAcYnNEebgWRSKVUHHwtMLK1-Bz/view?usp=sharing;3cc910c8
https://drive.google.com/file/d/1FtKQFNx_XuTtqbxdbGJ5MD6MkrqPhyGk/view?usp=sharing;8efbcb43
https://drive.google.com/file/d/1QXc7gGpVUjl_ybDAwVIG2m6Psl1Uf3n8/view?usp=sharing;72637f74
https://drive.google.com/file/d/1QYVBkGaqNIXp-8dEpmnxAbbE32k213te/view?usp=sharing;e9fe53e2
https://drive.google.com/file/d/1cKwhmUPv7yaLqgSGZn_aSePdfc37vZTe/view?usp=sharing;fe364e0d
https://drive.google.com/file/d/1UlqAx0iM1mJGLmiLLOpbJO9-j0Dxx-sY/view?usp=sharing;e04d462f
https://drive.google.com/file/d/1TvdfGLd0-l3vpkI76ZRkxCNzNZaL1ZLz/view?usp=drivesdk;486dfcbf
https://drive.google.com/file/d/1Ooi-xPStiYgKMimkFKDSz8HUhLpjPlOr/view?usp=sharing;1b5d0146
https://drive.google.com/file/d/1myTNIe8HZyTUd0M_d8UMF_sqUSrQtwdE/view?usp=sharing;5d83980b
https://drive.google.com/file/d/1HXHhcr5MV0bwJ6lRlXrSjanmd-YsJMsB/view?usp=sharing;6f86cb37
https://drive.google.com/file/d/1MjP-c_Fthtq3vvZsvdgauFjlml0jxbMg/view?usp=sharing;e8849a67
https://drive.google.com/file/d/1kvb10D-InqGTOGatMSqsIEO9klTFAZnf/view?usp=sharing;44eedb95
https://drive.google.com/file/d/1QoNnIgWp61QYT2hRNL__62NIg7TEweJT/view?usp=sharing;556a1d75
https://disk.yandex.ru/i/NqLjhJBBM3AUQg;059b04d7
https://drive.google.com/file/d/1TSUiSLS57V0ZDfYR9MDIiJCQzj1c4Gb6/view?usp=drivesdk;f05a098b
https://drive.google.com/file/d/1tXKnWlsQ6NVEr3i2qJ8JFZ_43CAnB_Lv/view?usp=sharing;a82f08a7
https://drive.google.com/file/d/1fnSFOOoUjbhcy7Ol4LkFIkg5KKah1z3-/view?usp=sharing;8283bb17
https://drive.google.com/file/d/19LGzx_pRuHjfh8cupilkAyJDaVE4BmyL/view?usp=sharing;6edb023d
https://drive.google.com/file/d/1XzHIL1tisi7D71Bcq2NQbVG5YwbkSFzv/view?usp=sharing;eb7d003f
https://scontent.fhrk1-1.fna.fbcdn.net/v/t1.6435-9/69833850_2987253944681693_6532408479963938816_n.jpg?_nc_cat=104&ccb=1-3&_nc_sid=09cbfe&_nc_ohc=TWnNtX-PHSEAX_yZKp7&_nc_ht=scontent.fhrk1-1.fna&oh=f82bfb46939e0c75d6163fe02582eac4&oe=60DF93AA;383c7c79
https://drive.google.com/file/d/17ZSIgj3snpD7wqY9gvfmiuFlFHcuxmNX/view?usp=sharing;6d28e78d
https://drive.google.com/file/d/1270KEYcSmj-Z7M-SMZjg_SUfPmO5hZPk/view?usp=sharing;c8b9f62d
https://drive.google.com/file/d/1J8UAKwkpq_EnddMC507Pp7ZMlLJnCE3w/view?usp=sharing;6f246e1b
https://drive.google.com/file/d/1TUbXWMCs7MN0DnVHoFC-QbQjk42BAg6U/view?usp=drivesdk;d99dfd66
https://drive.google.com/file/d/1tg_FAZlkEs6sRg3U1PL4gvUkuaLVOreC/view?usp=sharing;b191684d
https://drive.google.com/file/d/1u_ibHK_dlHCQhzMbL8SLh_PYtrHPTfv3/view?usp=sharing;e480bd14
https://drive.google.com/file/d/1Dq834ddicdheVUVDTtYLhkhaD3CrWoyk/view?usp=sharing;088a0a08
https://drive.google.com/file/d/1PuM86waZxcKajE1_572xFq3oqwCsQSuZ/view?usp=sharing;78208fb2
https://drive.google.com/file/d/10SjK8_YHJ90gYyXgxcC9PAdazWIMkcBi/view?usp=sharing;1fa3674b
https://drive.google.com/file/d/1tCs08qBWZ_ZrGucVKbmf7W4PsoI4x3UT/view?usp=sharing;4304cccd
https://drive.google.com/file/d/1K5kWkyM_DoTNl1rCd1YZhdlXXIS3lfbA/view?usp=sharing;bcabe6e3
https://drive.google.com/file/d/1ePASbXSucIPvw2f1mJC8SVoclrh9gZi_/view?usp=sharing;39492758
https://drive.google.com/file/d/1F9Ml2ii027pxZCSTV8I9O_nXFC6Jx6ke/view?usp=drivesdk;f3e29c32
https://drive.google.com/file/d/1OkKzPQ-VtVPnv5Z7K6D0HB_t8yFUCnTi/view?usp=sharing;424478c7
https://drive.google.com/file/d/1TjFaaklflCE9a56vMzSSpGxWYNf7Y-Z7/view?usp=sharing;b1b2693f
https://drive.google.com/file/d/1Dg0lQh92xVbkuDhFTyhqd1cjR7GUexSt/view?usp=sharing;2b78c2da
https://drive.google.com/file/d/1f-A42VkYBp_pngt4b32bzOx0wiEbkRg_/view?usp=sharing;e3bbdb76
https://drive.google.com/file/d/18Kd5mipT6lg-jn4cgz174li1TtPEcziA/view?usp=sharing;3cdae5fe
https://drive.google.com/file/d/1w0U0qbH04XOYXDD2cJjcngai1CafGfWA/view?usp=sharing;eb501fdf
https://drive.google.com/file/d/1YGqcyacY8wa0SiT8hPn_vctSCnMzSvXI/view?usp=sharing;c9450ecc
https://drive.google.com/file/d/1zOdVVEdEAB0gaGBmaPzvB3-f8GOY48AS/view?usp=sharing;6e4db945
https://drive.google.com/file/d/1xgA6kOwTvBP9ETTDnRYPcL_fFehjTtog/view?usp=sharing;bc9662b5
https://drive.google.com/file/d/1eHQbnBvASX0aq8zcm8r4XxMdlXlTxeXI/view?usp=sharing;f2ed12a8
https://drive.google.com/file/d/1ITjc4FAFDAksAOVeGtega0zZW0qiwMLr/view?usp=sharing;6f2c0622
https://drive.google.com/file/d/1JY0J0RhJl2RYFKyR2kHhD3gNv8JpjwfU/view?usp=sharing;48034781
https://drive.google.com/file/d/1j4Fv3Gu-LWlQrhkax3kpaJPcTI7PbJtw/view?usp=sharing;a5ce0145
https://disk.yandex.ru/i/GB9wAGBeKTNdkA;90c2619a
https://drive.google.com/file/d/1VMJTbqb1Vf-JhQjzJF7CxhJBBrG68GHp/view?usp=sharing;f32061c5
https://drive.google.com/file/d/1ALfLxCUkkWIw7S3wvJhPER9Lxe4dy1Jc/view?usp=sharing;de428c14
https://drive.google.com/file/d/18CkLElfhoSI0hvMlnO96FRYzSVhL9KOH/view?usp=sharing;15789937
https://drive.google.com/file/d/1WtnOYhPW0kGYYmVGR6onv68XMFbBuuTm/view?usp=sharing;4d828284
https://drive.google.com/file/d/1Vpt7tPrUa613-o5ekW_Bsvgh279zHa1p/view?usp=sharing;69e0f9c4
https://drive.google.com/file/d/1raMs6OT3Ct0JkL6wMKIXB3NoxxUz6JNv/view?usp=sharing;d49cd188
https://drive.google.com/file/d/19Z9hTQICBdhNtdjiGo6Aoz9T_0aO63uO/view?usp=sharing;3e9c3d40
https://drive.google.com/file/d/1Cdvq3USu_iBCDnotPFj3kJx_pjJDf5aa/view?usp=sharing;c2afddd3
https://drive.google.com/file/d/101W-CqIdkuRYc8YUgwNGNdgXcwiqj-ra/view?usp=sharing;46252448
https://drive.google.com/file/d/1p8yYe4n4RoBTTp0JGSE6_pc-13pAaJ7z/view?usp=sharing;0311f685
https://drive.google.com/file/d/15m7ivTy3rPsL3-DtEzE9BNeUNe0SJL-h/view?usp=sharing;a6de7563
https://drive.google.com/file/d/1QWUL4S5LP8ntAgqs73GOy4yQMZqE-EWT/view?usp=drivesdk;b51013ce
https://drive.google.com/file/d/1QaI4dBNoRkJdygegisNMNnhSsg_ANtSK/view?usp=sharing;12dd6f5e
https://drive.google.com/file/d/12NWP9HqJqpejFJu4hfATEJF_JTasPlT_/view?usp=sharing;99d08119
https://drive.google.com/file/d/1Pv6Pw-wDfwckk3qkIGWfs4oXxWmMuf86;b2cd1635
https://drive.google.com/file/d/1AIj0-kQstczYrO924H_H7XXr_Xjsoa-M/view?usp=sharing;6aae9e01
https://drive.google.com/file/d/1MmyVO3Ws5AFlZnn0jbTkGYuardiqEdsb/view?usp=drivesdk;aa741b59
https://drive.google.com/file/d/1wvPbE3IX7nySDDnREhIZ4iwaM56eOBtE/view?usp=sharing;6c550ff9
https://drive.google.com/file/d/1bLwB4A-2NPgVIJYZ4zrTD9-Qo9-oqLMk/view?usp=sharing;b8999f7b
https://drive.google.com/file/d/1pr_9zZOn45HrMXfD4CL6mdLtZb-kMpSa/view?usp=sharing;6f126b29
https://drive.google.com/file/d/1STmeKPShlU5TF2AYsiNEaE5HQLX-DZpG/view?usp=sharing;a78ed9aa
https://drive.google.com/file/d/1nI7pS29ft3sa95CjPiE9VRs29quVqgI9/view?usp=sharing;0fe846c7
https://drive.google.com/file/d/1zXqE-5vmApkZLqd6kXD_X3MY3v77IA2u/view?usp=sharing;b333bc74
https://drive.google.com/file/d/1raMs6OT3Ct0JkL6wMKIXB3NoxxUz6JNv/view?usp=sharing;64523784
https://drive.google.com/file/d/1qfqf8nEJlvx32Ekjq1KgJLhpxWtlYNrG/view?usp=sharing;32fdaebc
https://drive.google.com/file/d/1t6c-x_g82Bxn3kMs9Ws7Cfrt83gRCkwt/view?usp=sharing;2b57a902
https://disk.yandex.ru/i/81BXpSpBPBmReQ;b40e2aff
https://drive.google.com/file/d/1Kro_ASunaE_ov77dbS5qvP1BZGplQcCB/view?usp=sharing;bfd3d32d
https://uc0ff5e035c89679402dc5aa81c8.previews.dropboxusercontent.com/p/thumb/ABPMB6yXLalP-MemzkJBPtVZyExxvNSX97_WIqnaieepnQCbYuFVt5cWiLAYfytXW9EPibulAjLqPbdXGdjVo8Xml7kH8ldV9M1-CPxr6BJEjpyUdnictm1ai-HtjFtoXywryiapOXHVYWh7jlre7vGd_73eMf9Mrh8KGAte_E2wsW4KeVWQInxL67vw4E8P-T9oOzwQdSFvQYiCz7AL1zRUxeV1SNWn6rT6hzmkMCuNLmWFJwfsPheJMXRrTTGsabZOd0-aJD8gU2zQ1HBD9kfuZvNF8WbudJ8SRIUrcbyT09Hml_C29gaFia3AnbtoXJtv-K4EKWLwp2-6uT1h3Zi-nzMt3lyIep9vzSyDPQ9CsA/p.jpeg?fv_content=true&size_mode=5;4406c858
https://drive.google.com/file/d/1zrQp6PuDDPy7WAQWUDol6mVbWsL5Muxr/view?usp=sharing;b462f969
https://drive.google.com/file/d/1l0v4mXxc8qJTHBf0-zCi3pTHjAxUEUUt/view?usp=drivesdk;58a18034
https://drive.google.com/file/d/16LYw9QcTtMCLS19zHsYQ3yKoceSgHHrS/view;41b3737c
https://drive.google.com/file/d/18UpdJqA_Ou4uIgZHyuIM3yhs_LUo0ifK/view?usp=sharing;9a6010c6
https://drive.google.com/file/d/14W-gdKj1R0jjyVoXys7LXD9m9_FJZk7d/view?usp=sharing;ec8f4f58
https://drive.google.com/file/d/1DjOqjcKIivcjiEPIaw7wePCWwR1SS6Jg/view?usp=drivesdk;92b81b02
https://drive.google.com/file/d/107s6m5_wFGudCc9l2dinyvAUNPaOY9gg/view?usp=drivesdk;46c50597
https://drive.google.com/file/d/1zsBOs2fh3dh08x06nwf8IrSLPUuHchJH/view?usp=drivesdk;279aedfd
https://drive.google.com/file/d/1LQHX94cCHHLxOeaa6QCxghtZGkbAkRZd/view?usp=drivesdk;3e3708c0
https://drive.google.com/file/d/1q6pmdPFwemiBu2GXuGDcOtdl2zHhdzSz/view?usp=drivesdk;de8d6bca
https://drive.google.com/file/d/1vbBsz6BOMM_0IBDgwF9IdNUYLit8HpuP/view?usp=drivesdk;eddb00d4
https://drive.google.com/file/d/1m231KWipIXHPUMsWpZklneA_HlydsNu8/view?usp=drivesdk;6af402de
https://drive.google.com/file/d/1BtNWKM0B7ooBg5V8QqcOJOViDufyBJ1g/view?usp=drivesdk;53314ed4
https://drive.google.com/file/d/1reRJzg-eZ6ycU_L-2xxfwqdRclcPfJzJ/view?usp=drivesdk;1f5c17b0
https://drive.google.com/file/d/1r3ON7avHalo7cSLTFhY1KuPBFoP3VWQP/view?usp=drivesdk;d883fd4d
https://drive.google.com/file/d/144gCv6otDEXgsTM0MFty9LIwftMfH0TI/view?usp=drivesdk;92236690
https://drive.google.com/file/d/1LIAT-6nE7LjXhYGPV3opGG4gYdK5rEdK/view?usp=drivesdk;1fdfce95
https://drive.google.com/file/d/1N1OA9tErCchDW0J726Z2ScDcg4tdrt9_/view?usp=drivesdk;cf9c9d4f
https://drive.google.com/file/d/1nGj7rkGMjsPHmauzRzZV6MeghYZokLYT/view?usp=drivesdk;9405cd89
https://drive.google.com/file/d/1SO9fW5zjpIjcNHfCBC3393xItzoDHZYt/view?usp=drivesdk;d175520a
https://drive.google.com/file/d/12YJjacRWIluQRtpf1ojHz4nBfmjFIFEI/view?usp=drivesdk;c1c92a80
https://drive.google.com/file/d/1RO-M_QBGKnuJ962ZXdu0WrYOrGi9_V96/view?usp=drivesdk;7f2bd136
https://drive.google.com/file/d/1RRneZNfnr49JTC_b_N8BxXeUtJopPUbf/view?usp=drivesdk;7280bb4f
https://drive.google.com/file/d/15z2uNYps0yylaaGnpcU7pj0gCYBQSU5H/view?usp=drivesdk;adf9df30
https://drive.google.com/file/d/1GP-RYHnkXlzTXDyPmsU-xCVWHyoKeTbJ/view?usp=drivesdk;8a292308
https://drive.google.com/file/d/1s6k9qcm4MCBXSTGz5Yn_3aX4cx1LgVHf/view?usp=drivesdk;368ff616
https://drive.google.com/file/d/1WX9FkN-hvBgqHDhLvKxQNFVPkuawae0X/view?usp=sharing;7fe9738c
https://drive.google.com/file/d/1aU3jU8VlR5NzH8QdytheIYV4BCcClkuH/view?usp=sharing;1a03b01d
https://drive.google.com/file/d/1nkWPse-4T_GvRVeEd_RT97ARm8Qj3Vqw/view?usp=sharing;4c54fae2
https://drive.google.com/file/d/1iYXw7hXUrmj5E7hjAEiTGniAvzBuej7J/view?usp=sharing;a081a184
https://drive.google.com/file/d/1Tw_ECWhRntpV0oed8z8bN4pkWwG3Fx6D/view?usp=sharing;b94e03b5
https://drive.google.com/file/d/1W5exXJLTMH6FJPhzITscu2wuWsjEn9jh/view?usp=drivesdk;3264e907
https://drive.google.com/file/d/1_825OYRVkfh3KGcfW0sOvl-zu4AqbrKx/view?usp=sharing;a0bbafbd
https://drive.google.com/file/d/1DG-WJPJrhOJlhTxS0Za7GrH0ksLgahsU/view?usp=sharing;89821767
https://drive.google.com/file/d/1Ykr7oewMRb_S_nzBI-igYGTZECtc7XSp/view?usp=sharing;eb38cff7
https://drive.google.com/file/d/15Cr--Mhmw6i5dF4aWWvJEDLh1KkxaVMn/view?usp=sharing;0a6c67e3
https://drive.google.com/file/d/1ahhfoX-ygEWHkQpcjd_Jc9Xc4cfdoLwR/view?usp=sharing;0dfde9b6
https://drive.google.com/file/d/14qbznVAQdgma4FIK_qNUZqPLXBTMdsby/view?usp=sharing;3e15ee30
https://drive.google.com/file/d/1Eu60GUvNaUpWz_wxjoOUm971M_LEOefX/view?usp=sharing;45c88231
https://drive.google.com/file/d/1WR8lUVfW3Edya5qeBfpcaDk1qABBROW7/view?usp=sharing;9ae3b57d
https://drive.google.com/file/d/1s4mkl-rbSJusMBcJ-HaIamfDi0_MzLUH/view?usp=sharing;33911905
https://drive.google.com/file/d/19yy_bk9V5T-EOyONkhExX9D30km9KSdc/view?usp=sharing;d48eeee4
https://drive.google.com/file/d/1fWwwdy4GxvuFYmS7xn7tEbM2iDoKiYy2/view?usp=sharing;0619ec3d
https://drive.google.com/file/d/1NUN-pnr5i3S-e6_-N9x5wJpF6mHhIxCq/view?usp=sharing;c46423d8
https://yadi.sk/i/Y4Lcq9YXzpezTw;d3401afa
https://drive.google.com/file/d/1naJMX9YpILt-4wl5qnNMmSxynSvJxcPC/view?usp=sharing;34bea128
https://drive.google.com/file/d/1_9FRw8nlYrrhoPgXo4Jf8K3HIVJ9rI2x/view?usp=drivesdk;7553c2b4
https://drive.google.com/file/d/1sB-pRLtYqyNKpPmF_u1NH2hH-9iVlfAj/view?usp=sharing;755c4f2d
https://drive.google.com/file/d/154tjqUlPZ_1aPsLtV5V0erCdiuMRltHl/view?usp=drivesdk;177d9dd1
https://drive.google.com/file/d/1MHeuzIX460CKMEsHO2RaL68PeirHhk40/view?usp=sharing;f4fe12b4
https://drive.google.com/file/d/1gm6ZB6F2V-f6rFQQzExdPAKYD77YT44g/view?usp=sharing;ef599dbd
https://drive.google.com/file/d/1K3gQfNZWzvKykC_xgNb4tAdj8b76NJoZ/view?usp=sharing;e8424d6d
https://drive.google.com/file/d/1x6DhsDfGFMSR_O4Z2FUzZibLFFgq1hSu/view?usp=sharing;6e75b894
https://drive.google.com/file/d/1Xzagoi_HXn0p8TkP_K92-yL4tJUhLNQs/view?usp=sharing;834f3499
https://drive.google.com/file/d/1sPQrZ3fPD1xFL2l_QWD8DLfnBzURabIc/view?usp=sharing;d0edde5d
https://drive.google.com/file/d/1rBVWLb5DrvtMSu4_Su7oFwY8F_KyK-k1/view?usp=sharing;7c948e9b
https://drive.google.com/file/d/1TJnqKwLW6Vcxp7oEl6A2xJaOm1BCFJ_G/view?usp=sharing;81c00000
https://drive.google.com/file/d/17ThJ9SWwb9i-1CqtSNRVKhvLcpQXZGP0/view?usp=sharing;73e58897
https://drive.google.com/file/d/1SG0DdhNyJDscLs2ErBP701Eq43nt8Id9/view?usp=sharing;00ee0712
https://drive.google.com/file/d/1KJGeFKJn_W5JuO7QqhJfS4CPxdYepzL6/view?usp=sharing;25ee9b0e
https://drive.google.com/file/d/1CzykWwdlgxl9Okoh-9CHAcEbEts9CMq6/view?usp=sharing;22fac974
https://drive.google.com/file/d/1KJACJoEcxM012-yo4eJU5kJqsT1VpFjC/view?usp=sharing;9b6e081d
https://drive.google.com/file/d/1vzDa1tW8UkidwqCJ7y_o23WQMZvDsysp/view?usp=sharing;29574f1c
https://drive.google.com/file/d/1DIJ6cuNNjJVTmix47APwXabYuts43w_o/view?usp=sharing;3f44e3cf
https://drive.google.com/file/d/1qmYIfNtE-Weout3sB7Lq8oxdGtelQyRC/view?usp=sharing;aa42a2e1
https://drive.google.com/file/d/1wGBCaDpI6b7ggNVeIcRVL01cGRGg5p0i/view?usp=sharing;6972679c
https://drive.google.com/file/d/1rIpNohAJvePsL0ejsCOJfb-EIPASWFGc/view?usp=sharing;53b29ec2
https://drive.google.com/file/d/1tyJArdWmMX8BLVKAmQYE7QyLhLjVmm5C/view?usp=sharing;6a1a453d
https://drive.google.com/file/d/1g69C4GEshgBG4vsrkv8ydWwSuVfJmIbg/view?usp=sharing;c797c2be
https://drive.google.com/file/d/1Q2xbSRHWGuA3baMtE0FTBA-OtFy7UrxB/view?usp=sharing;973fa160
https://drive.google.com/file/d/1FoHtu197KVHpd38dfznHjto9PQXCuE5Q/view?usp=sharing;c8e91aa8
https://drive.google.com/file/d/1t_1-X42xkiJFD9O1U7afdTOZJmPyf_XY/view?usp=sharing;51cd71e4
https://drive.google.com/file/d/1FyT_GOAD6B2Rlbnstmnesc3l1X6X8a3S/view?usp=sharing;92e7e0fc
https://vk.com/photo3833716_457251481;476f538d
https://vk.com/photo9536607_457243756;7e20d570
https://sun9-32.userapi.com/impg/ud_iNnQs91N3rrvfzp84TqdhcxMc8d4Z6zMYbA/XJ7uykM4hyU.jpg?size=1080x2160&quality=96&sign=96bb4c3e16c035ea954f47e1139226a0&type=album;2f7958c9
https://vk.com/photo55633615_369383413;b8c33e41
https://vk.com/photo4204157_357511717;b558cdd8
https://www.instagram.com/p/CQEmobXl7cI/?utm_medium=copy_link;2ca5a57a
https://drive.google.com/file/d/1jArQ4fkPfUHNXdAq_7oeym9lQxn7FXCB/view?usp=sharing;68c2bd4b
https://drive.google.com/file/d/1zL5WcqdTtjZVFksCvoWRQTQr7InbVovW/view?usp=sharing;253c7745
https://drive.google.com/file/d/1b4HCWZNNAlbiZ-2RbuT1Eip_gGbBFT9B/view?usp=sharing;db265077
https://drive.google.com/file/d/18KzAy6Kp_3KT2F4KSXsnCB1g8XZa8Bpu/view?usp=sharing;940c13cf
https://drive.google.com/file/d/1obrYoG5aGsuUtBxNpAA5hNeKT9YiVDxm/view?usp=sharing;ebe77c26
https://drive.google.com/file/d/1K93C83N3FRKDfmf7fACryL_z2nQXyCfx/view?usp=sharing;7d52d191
https://drive.google.com/file/d/1JMGPqRL499liKmKPLHdKe9iO8BW8CXBT/view?usp=sharing;e7d34a11
https://drive.google.com/file/d/1e0EKfX6etDf8XxD8aA4x0c6fCoj_BysF/view?usp=sharing;f4206a9f
https://drive.google.com/file/d/1_i4Qw4HYBJqIm36rtMCDbTpU9pIZ0Ozw/view?usp=sharing;c0adfee5
https://drive.google.com/file/d/1ykmYqvsjuBs727oYWMcPXbVeuw3wpm1C/view?usp=sharing;fe17354f
https://drive.google.com/file/d/1I7WRDOuGMi81U-cQybWyalpgcCybqCg8/view?usp=sharing;931b1d54
https://drive.google.com/file/d/1epAqgm0z_EIdn3lgp9kw5aTu4snLAxjK/view?usp=sharing;a427b7f9
https://drive.google.com/file/d/1xbty5G8hd0yPvoUB9uXsBIZ0vdQEocbQ/view?usp=sharing;64615438
https://drive.google.com/file/d/19Ij1-MceUFhiakh9H3fno-at2d0C-PFG/view?usp=sharing;5f05e466
https://drive.google.com/file/d/1bDx2oVaK9MUi51XEr32Uve08KytOL1qY/view?usp=sharing;cb8fe1f6
https://drive.google.com/file/d/1Xg_F5a21yLV3gQRus-zTkMdzgwfPlLvT/view?usp=sharing;114263eb
https://sun9-46.userapi.com/impg/tHJ_uiREtyW6bkeD8BvHh4dXlSaOfb-CvvQTcQ/sgXASQ5Z55Y.jpg?size=1894x1894&quality=96&sign=3eaf78957c8c9becf25c2be8d7fd9bd7&type=album;85143cd8
https://drive.google.com/file/d/1p405qo3ck-lSNqjLh1CRYJUjG7HKaZws/view?usp=sharing;8eb62372
https://drive.google.com/file/d/1JIWNJBVzE-BB8yEHw0VyFu6U0aThC84F/view?usp=sharing;bdfa3d8e
https://drive.google.com/file/d/1BNbD8HWbzr0Bmvdi15_8TgTfyP7u3rY5/view?usp=sharing;c46a4a17
https://disk.yandex.ru/i/1LpXUMN3-Hs0HQ;c1bf409a
https://yadi.sk/i/vUEqHTC-dlEpzw;737ef56e
https://drive.google.com/file/d/1nXgK7tlFN5On52iLUWNgifv-YUXqXQrC/view?usp=sharing;9cb759f6
https://drive.google.com/file/d/1Cit1e6Ap2dlXYw-rD-ud4ZLgejb4ZiW4/view?usp=sharing;43d2d6a1
https://drive.google.com/file/d/1WssM_g8KpPNmyuAFCtOzgGF9d_NwZnsF/view?usp=sharing;d74e2358
https://drive.google.com/file/d/1bZDkIy-79afwD8MMDmDXMpyWOH8XcYDn/view?usp=sharing;0d4bf3b6
https://drive.google.com/file/d/1RkAZGir21-DYlMt-uvtu-kqjL039PxQY/view?usp=sharing;36d0118c
https://drive.google.com/file/d/15c0inn8aSZ2nwrMKQ1zDXYK3hJ9TWkpE/view?usp=sharing;7f2bb991
https://drive.google.com/file/d/1ccQlIRhoVhR-kjU-7fEhAzJdUsnaTrNt/view?usp=sharing;84d7ba30
https://drive.google.com/file/d/1ecnWdZd3lFgyT73AjLq9lGt8z5Tle8zt/view?usp=sharing;005ed8a6
https://drive.google.com/file/d/1N0pcaIJjcetz-PnqzxBNgpu2qcjQh_L4/view?usp=sharing;cc6b5566
https://drive.google.com/file/d/1E68u3N3XUzpzOGOfaVh576OLUQoPyzgJ/view?usp=sharing;42c879bd
https://drive.google.com/file/d/1OToG6kY_W-y89RH8j00CVVjKuXw8rzX2/view?usp=sharing;a26d3900
https://drive.google.com/file/d/1L4XFKGZ36JFwbYlaFbz0_zqyv3LzDpgl/view?usp=sharing;42784cf0
https://drive.google.com/file/d/1y7GQgxcKq3qUihGh1WVe4B_VzTiVxflN/view?usp=sharing;7e243f61
https://drive.google.com/file/d/1w7RxMxixNUJHgd2NGjucjOLSLzVPhlqg/view?usp=sharing;f99aae93
https://drive.google.com/file/d/1OCjIb-RdH6Y2NfC-Z3mW8FhQRbD958ea/view?usp=sharing;56a9ce3d
https://drive.google.com/file/d/1jCYKSG1a3SYyac1JqeyxkNFNu7Da3zDx/view?usp=sharing;faf4f683
https://drive.google.com/file/d/1pipjpGorb1w1h7BQ0eiyRQkD5AkhbDH6/view?usp=sharing;73badfad
https://drive.google.com/file/d/1uPZzWG9_w5542ZHUQa0RsZ7KeEzx0Odk/view?usp=sharing;fc68558b
https://drive.google.com/file/d/1Uu9cZ4sB3CNNw1kyZs493FI1ZM8lGbBC/view?usp=sharing;3039fb98
https://drive.google.com/file/d/1nuDbLUEGBaQB03CPv5sdAew6QR22okW3/view?usp=sharing;8ebdb822
https://drive.google.com/file/d/1H-aKOQRcXc3X8jgYkGSDhzCslIgc1Z2B/view?usp=sharing;9a34364d
https://drive.google.com/file/d/1dmXRPtkF5LCWL1_bH4vpbAvP__SK7C6B/view?usp=sharing;27496e88
https://drive.google.com/file/d/1QdytoFUnwh3ZqJolkX40ROIqYu1R8omx/view?usp=sharing;b0db7410
https://drive.google.com/file/d/1sqpjTH77oz4wt4dwa9Ubxcv5SqYFZtGt/view?usp=sharing;9fa2aade
https://drive.google.com/file/d/1taelAqGtWlpI9ejFsniFN-pDILBF_2Eb/view?usp=sharing;fbdb2f2e
https://drive.google.com/file/d/1jAE0rFnSpxITl4VXjX7aEHKbQoWt4bSG/view?usp=sharing;f1ceeffd
https://drive.google.com/file/d/1YozKmPlKAnkDnU5Y4_W36Aqr4Fm7wC1n/view?usp=sharing;59188768
https://drive.google.com/file/d/1ESH9MR7lmlJrSG2MA4f1ZOcpjeqa8yiA/view?usp=sharing;ecba8ce5
https://drive.google.com/file/d/16dse_HifAlIAFpb9qjZp_ILWVoV2ay-D/view?usp=sharing;a972ef06
https://drive.google.com/file/d/1SuNLxZwu-VbYL7ORu3JjJ9SzQxgZCbZu/view?usp=sharing;95186f12
https://drive.google.com/file/d/1_MsdRml1qPfBf-fSMeJIcKVmGp1y40O0/view?usp=sharing;2ce57924
https://drive.google.com/file/d/1sOs4shmEGrsoUPtXZugH8TG8OXOUZUty/view?usp=sharing;49954c5a
https://drive.google.com/file/d/14P1ZmxduGZC9AatGuHlYxBN5jV8uABKW/view?usp=sharing;16b8025f
https://drive.google.com/file/d/1n65ItcRUqP77WqASKu19IpUlQXQU4Npn/view?usp=sharing;9c13e7f6
https://drive.google.com/file/d/1DbBJkBwON-wiY226-u2kc23I4QJqaXjK/view?usp=sharing;a8aab128
https://drive.google.com/file/d/1p9KDhkpkQ5BaRe_K00zPw2n7btM8JaK8/view?usp=sharing;6449e28e
https://drive.google.com/file/d/16aOnIK_tZH3BGjW0ITECNLKxGqg8odEy/view?usp=sharing;b2eb8996
https://drive.google.com/file/d/1iafqqwe-nHwR2nCiuzey84tP7fzZsWk4/view?usp=sharing;8cd1aee5
https://drive.google.com/file/d/1-HqqdTOCOG5RWSSEReHvdfswoTiI5Qwh/view?usp=sharing;44a10f10
https://drive.google.com/file/d/10EZJt0RV5PN6sFyv4hLgsKV_FGvT-DFk/view?usp=sharing;8a8648cf
https://drive.google.com/file/d/1t4h7AarOczqL6xCBcGuKlafJzdr-z0tX/view?usp=sharing;225113da
https://drive.google.com/file/d/1NOs0mSZBCLrfcB4OXaeFHUkbXT5u1dhl/view?usp=sharing;3fe2c448
https://drive.google.com/file/d/1zbJe7iBxaTUOmQBJ7sxB_VVEP9yWeKhL/view?usp=sharing;db84659f
https://drive.google.com/file/d/1ci-ZknkyqMuy64XN10_KGbna4vmzJAV3/view?usp=sharing;590c5e94
https://drive.google.com/file/d/1ldnj5Hi27MipZd4huOgN_U_7aJbgyvBg/view?usp=sharing;9e0ba62f
https://drive.google.com/file/d/15XzhV_dy-dvlJ5nAtC7u-iBO5-VTeMX7/view?usp=sharing;9d589944
https://drive.google.com/file/d/1krpQAqpONDcjhbbCP76Ali7cDpERQ2kg/view?usp=sharing;ee9ece64
https://drive.google.com/file/d/1jVmkpGNmrHyrR_deu8-wqHc6xO4DQ2EY/view?usp=sharing;30a9ec1f
https://drive.google.com/file/d/1oDyfvgFubqX9vsB3kteGtZUUqfqkFcfs/view?usp=sharing;0571eff6
https://drive.google.com/file/d/1sPPVXN1fxycjHJODQQmZY4iQ8m75vFpv/view?usp=sharing;7e44f27c
https://drive.google.com/file/d/1y2vRXQgAClyznDo4e03Hz0U4wRibjN56/view?usp=sharing;6eeca5cb
https://drive.google.com/file/d/1yonwlxeMm0qyz0G0wukJhZnNEU5G84Bd/view?usp=sharing;990105d0
https://drive.google.com/file/d/1IIRUt4D7Fh7ygk8SFoVe4_oSQCXKK5zu/view?usp=sharing;b508bf15
https://cloud.mail.ru/public/m8rd/ZVg2eKUuJ;69f94e2d
https://cloud.mail.ru/public/pV9Y/DSbh98UYo;b82c277a
https://cloud.mail.ru/public/bf2h/eJCgp9Wzd;6b9239c6
https://cloud.mail.ru/public/hznr/LgNKE6TUQ;d3b3c48d
https://cloud.mail.ru/public/rX7T/888XFnU1n;ef15e788
https://cloud.mail.ru/public/Wa8k/xtH9VKBuw;23f1618a
https://cloud.mail.ru/public/iWYu/aHiVYVx9L;6bb2d168
https://cloud.mail.ru/public/cv71/7grHn66m9 ;a281d457
https://cloud.mail.ru/public/fzST/F6W9uxnts ;93e73151
https://cloud.mail.ru/public/ZoEx/VhgYeDYhW;b7fc39de
https://cloud.mail.ru/public/Mgsc/hmV4kUio5;87e42db8
https://cloud.mail.ru/public/nzTG/FoxWiLoRk;374081e7
https://cloud.mail.ru/public/BfT2/LRM4bH8xR;acd1547f
https://cloud.mail.ru/public/Y6Zw/GbuvG1fv1;5ceffd4f
https://cloud.mail.ru/public/GLPU/UKRPxRgnY;1dcf7f8a
https://cloud.mail.ru/public/SUDN/SyzyB1CgN;9c7b5adc
https://cloud.mail.ru/public/yJzo/aBBuxhWyK;d22d493b
https://cloud.mail.ru/public/2V8C/D6raV61R8;ed376919
https://cloud.mail.ru/public/gpBv/eUwzUrTmi;100ce8ad
https://cloud.mail.ru/public/w7FE/S5yzoYmzr;2e8f472b
https://cloud.mail.ru/public/1i3S/EZ5HQumYk;11686733
https://drive.google.com/file/d/1Y1YX_gIKcp0v0gTAMiGOymxcKWPzFQer/view?usp=sharing;d3974ab6
https://drive.google.com/file/d/1sjZuZ-o1v06mRSVEMOdLnL28ZqnEVxGW/view?usp=sharing;8211ae24
https://drive.google.com/file/d/157w9pjR2_Njwzjz59B2PWMNgr4QWQ9HN/view?usp=sharing;f6ba1ff3
https://drive.google.com/file/d/15kmoQgQNHWPmDEH3uotkcV8_2dSa0u4O/view?usp=sharing;d38c9299
https://drive.google.com/file/d/1jgpFHHjlAYhH1JRm8E-hHEJwT_XPWvqb/view?usp=sharing;bf8eef68
https://drive.google.com/file/d/1uaimngGeOalcWDqpZ3TR9os0uaG60dJ4/view?usp=sharing;deb6cd18
https://drive.google.com/file/d/1q6cRtGf_s7HMougsb5Z-Zd36rjtYzDKC/view?usp=sharing;82009d96
https://drive.google.com/file/d/1kFFQd5ypLg6Y7GwOkVhuzIf2xl2aMZBw/view?usp=sharing;2d17923e
https://drive.google.com/file/d/1LmlCeWAIj63Ho2yDR7tHnggBiCLxDw-N/view?usp=sharing;0f24654c
https://drive.google.com/file/d/16aqUyinVC8FNW5H8ArKHPhczKtzXxFE5/view?usp=sharing;326c8906
https://drive.google.com/file/d/1pxgzKuw0V4nrIJt6qNQHw96LBOzB8Vm8/view?usp=sharing;5f5eb60a
https://drive.google.com/file/d/1gY1vxzE9Nr6iCi1TLWarr-f_zjVQkTuM/view?usp=sharing;c63825c0
https://drive.google.com/file/d/1nO63woth0DejBIZ4iu5jGi5fGA6b59qJ/view?usp=sharing;733fdf20
https://drive.google.com/file/d/16KA-gWcWKW8IISPFyWBzZXb9TchVwYDV/view?usp=sharing;86195c24
https://drive.google.com/file/d/1_C-zQEcXKPdldWNzoklZV_zHxuaRrzOj/view?usp=sharing;c73774c6
https://drive.google.com/file/d/1OAjcAEknK7mbvaUKt-p7qNerY3hvWBOt/view?usp=sharing;652860d8
https://drive.google.com/file/d/1C5VqFTibCzhuc4Nptz7SsAc_4c71NsYF/view?usp=sharing;0628cfed
https://drive.google.com/file/d/1U0Z2RibizQCHpZ7LKx39iQvnQGmBWP7w/view?usp=sharing;5913922f
https://drive.google.com/file/d/1Vo2TPcnNZ9KFViwDgcwCAkGLL2Bfniut/view?usp=sharing;0815baba
https://drive.google.com/file/d/1S0cziuH_woZ2UsC1xObqSWJ7OHKdzCPg/view?usp=sharing;7e203b67
https://drive.google.com/file/d/1L8ZtfhcRzKINEF-nedLmq3GsCaJdnTTm/view?usp=sharing;d16861ee
https://drive.google.com/file/d/1idYosPaO8BcOGqV3-KR_ezHnP4bw1c5b/view?usp=sharing;3da85711
https://drive.google.com/file/d/1bimfbo843Vq5Y-heRbNNF7a43_oqIH-t/view?usp=sharing;e9e4755a
https://drive.google.com/file/d/1mmA0W0zPyREd10y1P_dRglT6D6MEjsZq/view?usp=sharing;574dc095
https://drive.google.com/file/d/1geFjGPx3p5uEz7x15_tF-SwPMap8YkkZ/view?usp=sharing;1e681916
https://drive.google.com/file/d/1lyCKHqAlW5j9xqFHa-kHMSTKJxtcUeu0/view?usp=sharing;9af52aa5
https://drive.google.com/file/d/1rn7GXww_8zXEwXsAfS8eEe4DYjPwU6om/view?usp=sharing;e39ed3ef
https://drive.google.com/file/d/1zdNvaDOsdnKv6uV2I9uUHG7cvx99mPdU/view?usp=sharing;7ca85d7d
https://drive.google.com/file/d/1rZBVjz08op-8RRcn8kJji-Ere7IDbd16/view?usp=sharing;acac94e4
https://drive.google.com/file/d/1X7M1qE9FN3lbYQoTh15OVi4Hy1SfEePC/view?usp=sharing;32c81ccc
https://drive.google.com/file/d/1Jz6y5AHdiAdF_IzrK4cXREazmmwfDCqC/view?usp=sharing;b06203af
https://drive.google.com/file/d/1XgV-4glwu1E9jIsYbXl-zPvLMu2MIm9r/view?usp=sharing;502327ce
https://drive.google.com/file/d/1eHGjiupvrkIsmw18gJkqjFQicc3QPHjb/view?usp=sharing;65796519
https://drive.google.com/file/d/1bK8drZ8a3xBTGo0mURPKIJPltD3KA00d/view?usp=sharing;40e0071e
https://drive.google.com/file/d/1cq1WUBoVi2UfEPXiUGTJ6fH80uq8dw5L/view?usp=sharing;7aba05f7
https://drive.google.com/file/d/1bq_RVzoSJwl9LhU2opGcxep2c5bksia7/view?usp=sharing;fb40afa8
https://drive.google.com/file/d/10YBti30ju12DFyE8IVOc0nlymqPNCm4A/view?usp=sharing;914fee8e
https://drive.google.com/file/d/1MfHKG1QmfzokG9Jr7sWheJIeJYV1XEiI/view?usp=sharing;31d3f7df
https://drive.google.com/file/d/1F9HIeU5vb2IV7dfh_7xjMHqBBQws0FZC/view?usp=drivesdk;e3e1c2e3
https://drive.google.com/file/d/1DaqZiO66LS-tsvBKwH5hTrtgABx9Wo3Q/view?usp=sharing;e1c3ffe1
https://drive.google.com/file/d/1EwWh4QiZ7uF1R6M724hocsGMWx7EN-3k/view?usp=drivesdk;b305c1cd
https://drive.google.com/file/d/1r8Yc_9tjKxWC7lo9LZAnMyCvkQhfnLSw/view?usp=sharing;bbfe118e
https://drive.google.com/file/d/1VtOaZmnPojy1ROMA5MNu2wQ_7wYx2wIZ/view?usp=sharing;e424728b
https://drive.google.com/file/d/1oE4kV7kPxyE14fY_3m1gCIAZNzRGIgMQ/view?usp=sharing;455f1c2c
https://drive.google.com/file/d/1BhOFt-7qJoPd84DYSaU1B3GAnON7NnzC/view?usp=sharing;20147904
https://drive.google.com/file/d/1raiiVyQLZnxn9QXQsg2JFx1-HpHlwuK1/view?usp=sharing;80a7b097
https://drive.google.com/file/d/1HUSgVM7sDSAUqUelwh6phIY5tRqyQQNh/view?usp=sharing;cbd3654d
https://drive.google.com/file/d/1bIRNwUah4fod92tNuUwPB2hoQ1gEBbr0/view?usp=sharing;103156dc
https://drive.google.com/file/d/1x86oURRWD4k-mXcxM_MG2W7z6WFNpgEq/view?usp=sharing;843f793e
https://drive.google.com/file/d/155Osi5ItcOQnWv_FT1Upp2Ie3XeS2kPQ/view?usp=sharing;a71f8d13
https://drive.google.com/file/d/1N6WsXQVlwBbK-yd-GgzsxgbNRsiw72oK/view?usp=sharing;ebe933ae
https://drive.google.com/file/d/1i3nYah6mGS98IIYONB-D_lNsmA8uBW5e/view?usp=sharing;1cba98fd
https://drive.google.com/file/d/1FfYK3TkzZGAF3G4niEHz2a01ZYqyMpMA/view?usp=drivesdk;faf43f4d
https://drive.google.com/file/d/1FgVZbN6xDPcCZ0kXScItk6DMulQKmNlw/view?usp=drivesdk;7358a4ef
https://drive.google.com/file/d/1tQoRN0GAjIW5mF7WP4hMKj_h_TW6nYlm/view?usp=sharing;3a95d61c
https://drive.google.com/file/d/1yExocmqoLdcH2tZspN45ThNMasDOWOcM/view?usp=sharing;56dd8882
https://drive.google.com/file/d/1Pms-CNhnQ9bjWl58ZKAPZ3KNef9Qgf0D/view?usp=sharing;e007e756
https://drive.google.com/file/d/1tVysE7Bi55W5GUATu5B92izGFe0tcf52/view?usp=sharing;40ffbc82
https://drive.google.com/file/d/1eObYtQ6RGHalhsV32H8_YA3M-hpWzpup/view?usp=sharing;71ba2ff1
https://drive.google.com/file/d/11mY2VPc-YYIZ1fKzZwNazXm_wvUnjjOj/view?usp=sharing;f72bf0c0
https://drive.google.com/file/d/1OOjidTNNXBgVkqIqg5oinBwSJFKeD3BK/view?usp=sharing;fcebeb77
https://drive.google.com/file/d/1KOAb60YyTPxshKtre2pzUj6n1BY00kbU/view?usp=sharing;7c8a0c73
https://drive.google.com/file/d/1xZ3PXW_1CUMFVoXkCag9GHAnt59z7XxB/view?usp=sharing;969e55e1
https://drive.google.com/file/d/1k19o3VItPTp8uWY9a8X5bY6JLTjdC4me/view?usp=sharing;0f6218db
https://drive.google.com/file/d/1sqvnXDF-5XLCEPTmEhBYgxMMKaEjHljg/view?usp=sharing;75558f31
https://drive.google.com/file/d/1-aBF9WlnYycp58KypKc9O9jHBlwghZVb/view?usp=sharing;fccb03ec
https://drive.google.com/file/d/14vQQM6SiTLAkyN5bEyRxziUfTJcNdHpu/view?usp=sharing;4b33a0ac
https://drive.google.com/file/d/171Y7q_n-h0BN_vBtcAYJEQSrs-t0J5rb/view?usp=sharing;e0bee19d
https://drive.google.com/file/d/1nlHWup7HRax20nhdvzFEGFonBsDJuYJA/view?usp=sharing;cf6c6601
https://drive.google.com/file/d/1g1BzE1B7JehKGmZ2jNPjf5A0lP1pe4LX/view?usp=sharing;2f1d78e9
https://photos.app.goo.gl/wWuJCw9WcrHeABXi9;84cfff01
https://photos.app.goo.gl/MpyKz5xJCRYpXJHY9;5d78aea2
https://photos.app.goo.gl/rZe4fBBzMHh5tURM8;d9c5f5a2
https://photos.app.goo.gl/YihkgZjEb1KB29Zk7;22e4bbeb
https://photos.app.goo.gl/WXVRheF94gxMtT4Y7;ed2115e0
https://photos.app.goo.gl/ZXRiAC3ni2LCfrGY9;2cf2b20f
https://photos.app.goo.gl/irSSBDy2XcBYsXWP6;ae1a4650
https://photos.google.com/share/AF1QipNChgRHruXLNV7YR9GY7aGElLwJ8WlB27_jKKkTRV1jP564GnuLz0fBe52G7Wgc_g?key=LXJMZjF5QVhtc0NEYTBJTkR0WGFpa3pmN0RXLW53;84e60d2c
https://photos.app.goo.gl/ezFvjHUPiyP4HSWt8;d17d5740
https://photos.app.goo.gl/D5yYxDyLPaDd6yh79;235b43b5
https://disk.yandex.ru/d/ubAQERl93EAMlA/1625084588498.jpg;74f28bab
https://disk.yandex.ru/d/ubAQERl93EAMlA/1625084588485.jpg;c1980e9d
https://disk.yandex.ru/d/ubAQERl93EAMlA/1625084588472.jpg;46cb5ab8
https://disk.yandex.ru/i/02arw6GAFC_CAw;505a5cac
https://drive.google.com/file/d/1az-c_G6TenvCtQ7QkuNyz_OMGNuR5mLA/view?usp=sharing;7ac76605
https://drive.google.com/file/d/1lm5GKMS33c7IVe4ObkcQWko8iQ_ejZJi/view?usp=sharing;a8e1696c
https://drive.google.com/file/d/1KIGgvImMTnP8XlcVrJdRA0pyxiZT28xT/view?usp=sharing;0c2623c5
https://drive.google.com/file/d/1YY6v_5U1FGuukBuP95w9WS-F_zO-edGf/view?usp=sharing;2f6d6b3d
https://drive.google.com/file/d/1PAVJuamkQjZxrc3GnTza7wnCVmVYXMeT/view?usp=sharing;7527d481
https://drive.google.com/file/d/11kuc6ptYNfKWPSG5Am9JxYM6nO_hBCaL/view?usp=drivesdk;94f6d3c1
https://photos.google.com/share/AF1QipOWK_dkjUCJlGHpA4TU2YfkLk6nbKXN3kaX1yzLsY9BIG4FLmYakM1PuAFRzc0SbA?key=NnFFUl9HeGcyQVE0Zlo2TUFiVWw5MUVpR1B0VGJR;144e6cdc
https://drive.google.com/file/d/1p4TleO9p-qNr3erIG6A_zdqNIAjR36Te/view?usp=sharing;4909e07c
https://drive.google.com/file/d/1fj3HPBmVWsRc5c2xvTFgY2NA8hCwSC2G/view?usp=sharing;3ff65b65
https://drive.google.com/file/d/1olIAmj5OsJGb-sshsyKlqW8Up1g05_qQ/view?usp=sharing;b11d5e0c
https://drive.google.com/file/d/1i_P0bJNuh_DoMC6m9DLxDu4heTG88rem/view?usp=sharing;a9855e8c
https://drive.google.com/file/d/10ybyq4PhTO3y9QkEogCtiG62_EXgiLEc/view?usp=sharing;3c81025f
https://drive.google.com/file/d/1hIfJaHYnoIFLeW8Xp8SvsVfjajBjsKzG/view?usp=sharing;38293ac5
https://drive.google.com/file/d/1YIDILl4qATrxoLoTnZT8n--TQAFXvHtE/view?usp=sharing;227fd394
https://drive.google.com/file/d/1NOmLlp8B43mHsfA24Xkiu3duxCgIeZhA/view?usp=sharing;b9be50c6
https://drive.google.com/file/d/1gLtkFZ6EjhgyIbn4YtqNS3OfR1ABXP4W/view?usp=drivesdk;422e60a6
https://drive.google.com/file/d/1fhtN8RHnR66icgbTBw_Ac63Z8TKDrASB/view?usp=drivesdk;70be343b
https://drive.google.com/file/d/1gCfTHKtt4m6g5eOJ6YphD37B4KoywwHE/view?usp=drivesdk;549e24cd
https://drive.google.com/file/d/1gIsfnh0gjcivezKYyaqQgSZ1BIn_qvEB/view?usp=drivesdk;27628d24
https://drive.google.com/file/d/1gHe7JAdkYsb_8he4kpIL-2hX13--ca7Y/view?usp=drivesdk;7b37b29c
https://photos.app.goo.gl/5N6hTL2rawkHAqiw5;bd357d86
https://drive.google.com/file/d/1tidkbHs5R-PGmCKEOtpWoI9Dz_gx-ir6/view?usp=sharing;3e5cc3ed
https://drive.google.com/file/d/1n07hj0fDNgUWdrrJZwkayXr1VdOfLeC3/view?usp=sharing;5ea609e4
https://drive.google.com/file/d/1t7vW2D7phRYRFyBkrW3fAJcs_NSnz1i9/view?fbclid=IwAR3t8fLKr7l8VrVTNjBqDieHs-mPddOjv5TuaD07lLK3MRQmYtuIYsLhmfw;f0921595
https://drive.google.com/file/d/1iHkkNMygx5ycYy62Um7a_Q0WZW-MdW3e/view?fbclid=IwAR3Kv5FDuxyYPkjR-FxUy_F6thSlIJeXBdFFTSkqIzSofObC8CTmWIHAqwY;560fa91f
https://drive.google.com/file/d/1ZAtwlsUMkj81v1c3pyjLG2BDaqblOXmg/view?fbclid=IwAR17L2dBBAmzyeAdKe-_Waps83458RRTGSVvadKjtqqwxWy8kQl14xceAxE;b6c5db80
https://drive.google.com/file/d/1w-X6Lq424RRGUiqeX90QiYXOsuYJam16/view?fbclid=IwAR00Arr7hi1BWvOjHSc_JacDmT9MlkFbcxgof87ILRG4e6NvlKAfA3Rmazk;7e591f79
https://www.icloud.com/photos/#0UTYY8x2EiVHALFn0cVYuZvVg;d3abe2fd
https://drive.google.com/file/d/1uO0oicknOfRXJbx24itFu_f3spAEn8kY/view?usp=sharing;3752859b
https://drive.google.com/file/d/10cUpXUl-ZOlighN6S0NouasLo_ZXBL5n/view?usp=sharing;d8c93651
https://drive.google.com/file/d/15Qu-GuF9VRswuGfT6jsL03HIfVgk7j5A/view?usp=sharing;8d196b1b
https://drive.google.com/file/d/13YB4d0wJt34u46KC4WVUfP0J_AsAHF8T/view?usp=sharing;071e3db8
https://drive.google.com/file/d/1MoELiskv4pkrheXqEveYdrzLtrLmmblg/view?usp=sharing;2c1e09b6
https://drive.google.com/file/d/1OCv4p9tYAosZmqnK12QnsyOn7Dw6V1ir/view?usp=sharing;72ef70c6
https://drive.google.com/file/d/19C6BKqF7mXF3x1HzAphhuU6q5u33dz-Q/view?usp=sharing;1aaf0b32
https://drive.google.com/file/d/1tqUVII9wA73pdla3WAJCtK7SBKQKSjYN/view?usp=sharing;67f23de2
https://drive.google.com/file/d/1pj2yXLn0r1OUwnot-IFqKPSBx8lovS1R/view?usp=sharingg;c570b933
https://drive.google.com/file/d/1NL-lwpJa8f8qJ45Qkk9zRKtjEaVBgfpc/view?usp=sharing;ce594dd9
https://drive.google.com/file/d/1LICmx4T-HbG898V_TgRG99eb7mF_uQVG/view?usp=sharingg;88ddb093
https://drive.google.com/file/d/1pXGCxW6KXECP_yfzbBe88GaCQ_jnPoSO/view?usp=sharing;567e27b3
https://drive.google.com/file/d/1ejpUrJ5guSpSDWDhPuTrqaVWeLDG6fU3/view?usp=sharing;c2388b89
https://drive.google.com/file/d/1QMlIXZk65zxKSljuE7-89Jm4Sp2zSxsc/view?usp=sharing;3726a644
https://drive.google.com/file/d/10Ms-MGjLZFpjA4AYhaPVu7_bxIasm7A9/view?usp=sharing;ea20ade8
https://drive.google.com/file/d/1hpj82WnPFW9f8BGEKd3sFYm-ycjJb5TY/view?usp=sharing;e703ea3e
https://drive.google.com/file/d/1YF73iZOa_2isGzhOTFZi2gBRsC5-M6OO/view?usp=sharing;a3971adc
https://drive.google.com/file/d/1qAD_y8M-sLC9WorYiJClnmwTOrRQQ8H1/view?usp=sharing;9a51a244
https://drive.google.com/file/d/157l6_-0f8ivRZ7WzWy59f6RFAX4NqbGn/view?usp=sharing;b9620e04
https://drive.google.com/file/d/12djSm3qKUIbn_9fybRByCa_FJUEQAZk7/view?usp=sharing;5e2e306e
https://drive.google.com/file/d/15OaY9uP6ZSc58Myc7VVmLlQczvYIB_Fz/view?usp=sharing;ac09cddf
https://drive.google.com/file/d/1LAMGKmxyW6OuMkqEupvxQ9nsHrUzkpKA/view?usp=sharing;18719a04
https://drive.google.com/file/d/1tVeAApMRoRvj68GOhezfY5XHaxi8OVCx/view?usp=sharing;df71dfab
https://drive.google.com/file/d/1YsN9kU8AF9yFuH2d7Kn2fojpx1uv-Dfg/view?usp=sharing;fc967c60
https://drive.google.com/file/d/1bg0Jhwok-5Vq_m2yzV3WpXaTBHMEhnDv/view?usp=sharing;d82deabd
https://drive.google.com/file/d/1S2qLRDdJm83ohFOKte54aOn2qEhEBX59/view?usp=sharing;895c1a07
https://drive.google.com/file/d/10mUyYIb8_b0qPLsLMyAaR4GBt-zOzrsw/view?usp=sharing;d483c9ef
https://drive.google.com/file/d/1FOs3zed4PEABTEUx9TwePlkg1i4K5q07/view?usp=sharing;74a90120
https://drive.google.com/file/d/1ntzeo3S_CfvlREdMckxOJO1JyZkJWY4i/view?usp=sharing;27385291
https://drive.google.com/file/d/1Mf8bZPT0CBcdZnvy_YDQSUo4q3VapQz_/view?usp=sharing;b482a3aa
https://drive.google.com/file/d/1rD9MiotEH6eby0ZrHuE_GZo09aQ1XVUj/view?usp=sharing;bd26e72a
https://drive.google.com/file/d/17gxDvZvIXPlRHFeb1fHdadX6JW9Hz1t9/view?usp=sharing;6146a08a
https://drive.google.com/file/d/1Y1LU9htOqWS2o4yHXXaB7wo3MzzqEQW-/view?usp=sharing;1e499d20
https://drive.google.com/file/d/1Ve5DJ2OiX1gYD6jBT37NGQRuroxwXJDc/view?usp=sharing;8dda18cc
https://drive.google.com/file/d/1bmpLUfeCaJUZGs4ZwdyG2I2BjibDYPG4/view?usp=sharing;151b5134
https://drive.google.com/file/d/1Xkifs0qs32vIPGU8k6en7vfgiKeWwKoD/view?usp=sharing;a93de721
https://drive.google.com/file/d/14bNfye7nZRAgW9eXIOFDA5mdZLhEMnJ2/view?usp=sharing;8663a063
https://drive.google.com/file/d/1P_1J0Fxi6vV9YBq0U2MzywroBDgH-M5J/view?usp=sharing;d4e54270
https://drive.google.com/file/d/1e0_gZ-TXwvEqX-l2Pnn3dbcvoHt2HPNy/view?usp=sharing;2b679bd4
https://drive.google.com/file/d/1TagRIiaO5nhInsi9Bm6pUXyK-sN5lICP/view?usp=sharing;ec25f643
https://drive.google.com/file/d/1omolYU38Xsy3GTs3sa94xVoEHU4zODKo/view?usp=sharing;4b6a4bf1
https://drive.google.com/file/d/1cMof6k5lYnsNxUeFL4yqX3_H2K5jMoJ7/view?usp=sharing;6ed7ef5a
https://drive.google.com/file/d/1cLMLAxVE6-dmK46QjeAJsB6nRQw5W4-h/view?usp=sharing;b0a1dba7
https://drive.google.com/file/d/1eUaRMQLGWXJpouUkvjjZo229OQYbqSKZ/view?usp=sharing;e1873ebd
https://drive.google.com/file/d/1pq2SsoAE_0DBSVi_4z2eCUDs0gISDuuU/view?usp=sharing;bf014145
https://drive.google.com/file/d/1RXwDnye2HGXxyqGrKfH6CTTwFl-N4NDV/view?usp=sharing;d6cef8a8
https://drive.google.com/file/d/1afUo-VljsvBIMPzhI41Qp1j6OUI9t_CV/view?usp=sharing;a2421231
https://drive.google.com/file/d/1427pqWvsTrkVOr-vdSmLqZuE71l5KnvP/view?usp=sharing;35202a0a
https://drive.google.com/file/d/15VFccSyZyb5z9ZnCFnY33MblvSXd2Riw/view?usp=sharing;f50249fd
https://drive.google.com/file/d/117Yz2TKSBqakpKU7mx5MMxHpKqVY4B6R/view?usp=sharing;34af6e82
https://drive.google.com/file/d/1hTkaH59COj-Uxslk4jM21gLXiyGuDEgh/view?usp=sharing;3d329795
https://drive.google.com/file/d/1Oh9-qmnW0n5UbJ-F-Qwkj8ufY3b-yqZQ/view?usp=sharing;220b0ebb
https://drive.google.com/file/d/1EF_PvETP_OUgFQNg5EG2WBmqxO0KQUvp/view?usp=sharing;7e2484d1
https://drive.google.com/file/d/1tVoiyHLzFyYlXqHR96VW08F6b7rYlB4v/view?usp=sharing;c999211d
https://drive.google.com/file/d/1UTHtRYVv249jBVgRXqJvcVWCJArmVpK_/view?usp=sharing;fa52a31c
https://drive.google.com/file/d/1zCXmzNVMkhV9VHqY3iamrA4gHiSECwWV/view?usp=sharing;002c156b
https://drive.google.com/file/d/1mC5-Y_z-_48akCe5dUXfp290BGu_twZd/view?usp=sharing;76ab3ed4
https://drive.google.com/file/d/1TDCBcfyLCzI0d2hiT7wjq1VTLY4uldi0/view?usp=sharing;f3532c77
https://drive.google.com/file/d/13kVLeN468tGKgMv0I702wV8KTPMfoGb2/view?usp=sharing;72cdc16c
https://drive.google.com/file/d/1wr1V903E76_HKFyivX9DuSwgFDUv2tEM/view?usp=sharing;a455a3fd
https://drive.google.com/file/d/1WkfRsG8oZ0M1-f8Vagognktn6ytH5Sy6/view?usp=sharing;232e87d9
https://drive.google.com/file/d/1sLLDFqwimFquiE7wfMG7OzLKWk1QfXfI/view?usp=sharing;86f433b2
https://drive.google.com/file/d/18kfP_FX3kYwsS1mFx2vjpk_525MEve-Q/view?usp=sharing;e76ee1df
https://drive.google.com/file/d/1wYJKHO1ZYCopow3yhs2f6iZYOXH38QD6/view?usp=sharing;99ada560
https://drive.google.com/file/d/1sQihVbphhW6qTZvLcd8tM0PgFFWjwC2Y/view?usp=sharing;2069c843
https://drive.google.com/file/d/1N_bWAZVlsW4dXffa_VDERCt5ERoHsCtN/view?usp=sharing;c3e56ab5
https://drive.google.com/file/d/1us8-HxOBTlq_AZJh_MRwXlwbVi1lYHRz/view?usp=sharing;bc77fe0b
https://drive.google.com/file/d/1us8-HxOBTlq_AZJh_MRwXlwbVi1lYHRz/view?usp=sharing;1e71593c
https://drive.google.com/file/d/1dZy5_fZwaLiHyf4dVPOl0OPwfYP5tn6X/view?usp=sharing;c6719e80
https://drive.google.com/file/d/1O9_sLl3QylxVFiZrtDVAPN9_uOcY_JZN/view?usp=sharing;d0b4a982
https://drive.google.com/file/d/1YK5PDlF3_Ns0qEyS9Q9kAHSUHddGl_ov/view?usp=sharing;c6916cce
https://drive.google.com/file/d/1bPGEdtIEDjaN_BXYEWvInza7QVAEZx-2/view?usp=sharing;48045a14
https://drive.google.com/file/d/1Mdcq2kdhaw-Xqnqgq2YbWHEFsQvJYmZc/view?usp=sharing;c5b4fa60
https://drive.google.com/file/d/1_mIIoywfmQ4-nT_hCPYtwzOJsxCTyUIW/view?usp=sharing;94f0a088
https://drive.google.com/file/d/1uZXdquqU4xiwm29T0DoPg54xV2lLnWzy/view?usp=sharing;e52df527
https://drive.google.com/file/d/1QQF3aEQ_R2f2GWHvQf6HifOpYzmUM3qt/view?usp=sharing;ea8253ef
https://drive.google.com/file/d/1ybTeOLAkrt755IoRyxpwFqeqmqdHsP3D/view?usp=sharing;a0c5a936
https://drive.google.com/file/d/1Xo0PIKRiRYuSVYKbgeWCwdnNsQWEoen5/view?usp=sharing;6ba55166
https://drive.google.com/file/d/1XYwHsWPyU6GXsdUlnOA369-kesJ623d9/view?usp=sharing;24c09d2d
https://drive.google.com/file/d/1RLbBKGSoTHoDH3EunMjK7NIXwhdUoiSp/view?usp=sharing;b6655b3a
https://drive.google.com/file/d/16ASM_qpTRIZvLrsJaHBONl7fzyFMMUDh/view?usp=sharing;b047650e
https://drive.google.com/file/d/1y9lgQ0Z0JCt3f6-DnXuMnN9cHs9kpKyc/view?usp=sharing;02235e28
https://drive.google.com/file/d/10w2IqBblSRXRHs-x4olU6waH3a3qZGj3/view?usp=sharing;817e5b00
https://drive.google.com/file/d/16HOpdkDHedJ-oPlVTT0vPJQmdxO-Uz5I/view?usp=sharing;de9cad0a
https://drive.google.com/file/d/1OwHijHw3WJxVnkFM7glOo_MVFJSVuq63/view?usp=sharing;1c7fdfec
https://drive.google.com/file/d/1RYJvZt8Wia7JdkwLWC_MEQXx49LBffx8/view?usp=sharing;c5523f2f
https://drive.google.com/file/d/11_7CMQPkamhUHF8PvmrG2fE-VQfUAOFI/view?usp=sharing;b426321d
https://drive.google.com/file/d/1C28uTqDkXYCWKLxm8UZrept6MzX6eJde/view?usp=sharing;5c260572
https://drive.google.com/file/d/15t4gxI7hP6v_PPRbQQpK47h26jByGNpZ/view?usp=sharing;68ebeec9
https://drive.google.com/file/d/1uVYOslnE3LpBc5ZIzRA9jiRB1SW3qrU8/view?usp=sharing;831d274b
https://drive.google.com/file/d/1QS5VHWuNBk8mJuBXF9UfPwDJqHjIrx29/view?usp=sharing;dadf4bcf
https://drive.google.com/file/d/1UEGFvDozTWFxn_lhZUI6I6m4-sCxmwc_/view?usp=sharing;9bfb6aec
https://drive.google.com/file/d/1ZlO3rSbC5l1TeoTEJwOIt502aclP8nO9/view?usp=sharing;34820ed1
https://drive.google.com/file/d/1dktHQA_KrRk6tF2kR4KaN8yj0DlVMrvV/view?usp=sharing;76e69eb8
https://drive.google.com/file/d/13t8SW4ETsDcdciN0PKd7sPh9P2GiKWAj/view?usp=sharing;2c2f08bc
https://drive.google.com/file/d/1xr8DzeWtjNDrLLIJM83HeOhVF1bgD1FS/view?usp=sharing;d2fc930a
https://drive.google.com/file/d/1JLODPz3DNi5CUTTHtnozY7S2YPY2uJqp/view?usp=sharing;e41bb808
https://drive.google.com/file/d/1gI9hRcPcgcf8cPSpNvrvqBfDmRokrWn2/view?usp=sharing;457fd0ad
https://drive.google.com/file/d/1fc_018su5G7GAlF_qyXDF0iuuxAzeFnQ/view?usp=sharing;306edd8f
https://drive.google.com/file/d/1tYqkpdrPHVfg8gHQhyGChKnoX0ydHJYM/view?usp=sharing;e62f275c
https://drive.google.com/file/d/1ibQcsmFFTetvmE4Dz1GU8G5Db6orv4E_/view?usp=sharing;a9fcf526
https://drive.google.com/file/d/1zBz_YNSlx_GWDKI3NSBEVwy4wloVTsd6/view?usp=sharing;47f0910d
https://drive.google.com/file/d/1IpA64VPN9ZkPi5hS1mkxvBIYZUeQ7QIT/view?usp=sharing;a0236a67
https://drive.google.com/file/d/11peQ6aXTgnT4j_dSB07r77ZmHhtjZ_YR/view?usp=sharing;e6977d35
https://drive.google.com/file/d/1M4k6lumO72oSN5GrkqCIbdndA6ELYTDv/view?usp=sharing;437179b2
https://drive.google.com/file/d/1p3g5w9v1i8QqdX7K2u5Jud0tJa7Immyf/view?usp=sharing;6ac67852
https://drive.google.com/file/d/1pbAr11FLvqOWb58BAt85utKiHJQEL1yZ/view?usp=sharing;82bcaa3c
https://drive.google.com/file/d/1qdZ7wqszS4yqOlh7nHkubokOmSZ5Mb6j/view?usp=sharing;c5c42879
https://drive.google.com/file/d/15h1ANLe5J9pe6KHl1KRcdp2yCVN3rDUO/view?usp=sharing;b7c372b2
https://drive.google.com/file/d/1GZigkp7SkmTBFH-9FbRZQX5DtPKKqw2N/view?usp=sharing;dd7e6313
https://drive.google.com/file/d/1BE-_joH8-igvKf4gYcV4eca7ifXxrWRi/view?usp=sharing;420a08e7
https://drive.google.com/file/d/1y4I9jc3hv3xL4GogOEGYbiD2k5cBedlE/view?usp=sharing;32ef217f
https://drive.google.com/file/d/1twtKNqc_EZokWMcCsJojFJGhP4Vkn3vO/view?usp=sharing;02e298c1
https://drive.google.com/file/d/1YqunQMXOsRQDm0W2Q1o30hBTH5iTqPi4/view?usp=sharing;797609a3
https://drive.google.com/file/d/19TPwt1Da9EUiBXjC4S9obBKcvprpY92R/view?usp=sharing;23425f2c
https://drive.google.com/file/d/15zUcw7fPH9rD27TxKqfVqT-D1IdWruaK/view?usp=sharing;a90d4363
https://drive.google.com/file/d/1WBnC6zR4OTQlyVUMMjaocCFvuvZM-S2c/view?usp=sharing;b1227021
https://drive.google.com/file/d/1SO1eqmozeoYD-mPtLhq3p8yynZzU9ro7/view?usp=sharing;e008f9ff
https://drive.google.com/file/d/1aCxnFvn5q0AJYQqoB_YtKUdlv3NK9ytI/view?usp=sharing;e0da3c1c
https://drive.google.com/file/d/1MvsiXnM926-JV-Q1btCtgDV5MBIwIFnI/view?usp=sharing;d69312da
https://drive.google.com/file/d/1Agl5zsrYtHtluVvl_qcNxDN_bBAnmrbE/view?usp=sharing;55013ba5
https://drive.google.com/file/d/1tsHI72Y2NctZEmug8iyS3WE4lzTi8wjl/view?usp=sharing;287811f8
https://drive.google.com/file/d/1NRCN6VUtWUWXWHfR2XU5STBd4s3jReqZ/view?usp=sharing;bde9c1ff
https://drive.google.com/file/d/1z39g-FzE1CaX4F6IH6gzCyzg6scJSPhf/view?usp=sharing;83526728
https://drive.google.com/file/d/18gC-hyNXTWtk0opN91ARNnApmmcF43b6;4aae2ed5
https://drive.google.com/file/d/1w0tCNi4t0XICLiDP4TNWYPAQt94DITjP/view?usp=sharing;6b7df390
https://drive.google.com/folderview?id=1MyOuUM-sw-V5LVS8MuTAaCzpsW_Zl4Mm;32b625d4
https://drive.google.com/file/d/13bY3nFcK4TNeTUzJ-hdcdPdsZcWvDw7U/view?usp=drivesdk;f0ab02a8
https://drive.google.com/file/d/1vcWWEkdY92aApYMaONd8tuCUkfJO9hhn/view?usp=sharing;09d741ce
https://drive.google.com/file/d/1Q0pRt3-Swb9FgPCCjiMotwnt4XTsKlyX/view?usp=sharing;68104f46
https://drive.google.com/file/d/1dyYPCCIj2DaZBL0XpvOPlkAGpzdii6nF/view?usp=sharing;ef98e0d5
https://sun9-51.userapi.com/impg/t5W4r9lndGsqtuXFMS6vJzHgYjCb4Vdr85p5bQ/3UWAOxVVzpU.jpg?size=600x397&quality=96&sign=793a93ae36867cb07e84160cd22b3d15&type=album;9247c7d5
https://drive.google.com/file/d/1bk4F5WbiqUaPJC4PTSd4iuIAd7rw5PB6/view?usp=sharing;3b1f34c7
https://cloud.mail.ru/public/c8KC/yzH81LD1h;859a6d48
https://photos.app.goo.gl/oecJjaUDuTS5Ed3P8;cb6b5456
https://scontent-hel3-1.cdninstagram.com/v/t51.2885-15/e35/75586284_169326104153852_8558417954295660506_n.jpg?tp=1&_nc_ht=scontent-hel3-1.cdninstagram.com&_nc_cat=108&_nc_ohc=UUD_vSFoTU8AX-dPXPu&edm=AP_V10EBAAAA&ccb=7-4&oh=2340d2eedd693a76b92a32c941d96a5e&oe=60CE90CF&_nc_sid=4f375e;0d984021
https://drive.google.com/file/d/1UdBnHUNz4mNtOe7INZpXlCGF-5zzuslH/view?usp=sharing;11c6051a
https://yadi.sk/i/WafhxL3Wtgqfrw;8ad1cd83
https://drive.google.com/file/d/1Qr8fiGMjyDgWQnA23-nMYmK8_apqYE_y/view?usp=sharing;5b624f6e
https://drive.google.com/file/d/1uEF1fnWtrat0q8b9NRj0pk0nO6SRxe4c/view?usp=sharing;07e1c9fd
https://yadi.sk/i/lUgukTcEg_NgKg;6751c0d1
https://drive.google.com/file/d/1_qzOCdKfUNnjB9dU2AbQCkIFFmomOTbY/view?usp=sharing;e00008cc
https://drive.google.com/file/d/1uTd-471vR0Wm2huLBI0GntxfH54f0bOb/view?usp=sharing;ec2a365f
https://drive.google.com/file/d/11NCPC92SKTNY1UuAPajMVIhw0yd4Jkp9/view?usp=sharing;8bfa5703
https://drive.google.com/file/d/1zrKmy-EFycF1w-JeaolHoQm_HJMJtECB/view?usp=sharing;e377ca97
https://drive.google.com/file/d/15CBb_hG98riaSvfJywQj4EyQyjhBHBsv/view;86c8c6db
https://drive.google.com/file/d/1xyl8PYAV8xArIDwvpRxfA_nSggETJ2wY/view?usp=sharing;14c19094
https://drive.google.com/file/d/1u3awwBZcnqkF2RRYmydQz4FuENQqM93-/view?usp=sharing;7167535b
https://drive.google.com/file/d/1cPNm2ge8bq_8XEo-plAM8aYs9bJBu3r9/view?usp=sharing;2912310b
https://drive.google.com/file/d/18OSm3qZ3Q4GvE7m-7mMHsYZ3tVYOC60p/view?usp=sharing;0c6144dc
https://drive.google.com/file/d/1s3fQEFS9sDMFdJqeJ6Qgy3_-8-XHKbFz/view?usp=sharing;ac4a7ed6
https://drive.google.com/file/d/1ykmT5wvqAu1d1QDjlXrtHFuWIFaRkrdd/view?usp=sharing;dcb7c45d
https://drive.google.com/file/d/1OZ0aKLucwpFWcmadClwLWCdfvtpcPXXa/view?usp=sharing;5f860e03
https://drive.google.com/file/d/1nN-mrqPda3DcFDHrze-QPecUA9W7yvJq/view?usp=sharing;bd0eaa3d
https://drive.google.com/file/d/1yKbOyKcTOl0dz2A00jD0MIrolz502BZT/view?usp=sharing;29ac5837
https://drive.google.com/file/d/1LG0ftySJZP3GPghOG-OJRn5zV998y2ZB/view?usp=sharing;7fceab6e
https://drive.google.com/file/d/1wUtJiPDf0SgN1F5Kg1QHrMgx8lpAO-YT/view?usp=sharing;9e1d0a92
https://drive.google.com/file/d/17KIMFhYiRk4Al2uStLxM4ue2zFb6aZVN/view?usp=sharing;51d1f68d
https://cloud.mail.ru/public/wp8D/J5k9BZR67;9a984a0e
https://docs.google.com/document/d/1VNEfPvhQUZ6ZQe8HGpU1ZWf0ky5crY4jZEZl9Lmn3vk/edit?usp=drivesdk;b68eb2f1
https://docs.google.com/document/d/1T58fVkypT6ixX5PV8Kgcw3S6xC7yRKQIX7ztAWjSbGE/edit?usp=drivesdk;b1a39810
https://docs.google.com/document/d/1JFwo0mW61v3jfAERDhECYtjQAxg6Lbj4r_HYlBoYGoU/edit?usp=drivesdk;0f67a690
https://docs.google.com/document/d/1DfatAIpkw8dRFb7Kya7O09-l1YLpsYpYyCQtZC9mZWo/edit?usp=drivesdk;f03b3f46
https://docs.google.com/document/d/17qG9dp6kvY-uPCgIXZbB_Sp3u-liui_FsGHZlfinFGc/edit?usp=drivesdk;adbccb18
https://drive.google.com/file/d/1JiYETpfKLYpu57vxJx0535g3GsfYrUEB/view?usp=sharing;fc3046cd
https://drive.google.com/file/d/1g3Cd6HG0Tr9UzvawTb0SxgpLucIafjPs/view?usp=sharing;22213aa2
https://drive.google.com/file/d/1AC5N-mxAuoVBszaP8tRR9eKyQ4B9BBkJ/view?usp=drivesdk;c7720842
https://drive.google.com/file/d/1ABTL9uTGJOQ3-ELetDBz8mSZnqFw0UUN/view?usp=drivesdk;558209a2
https://drive.google.com/file/d/1AATCbafG8R4tqXrz971MSGB9fpYDK68l/view?usp=drivesdk;209349b4
https://drive.google.com/file/d/1A9yZ6dodoF2-BHEgANAyYw_KXk-we9z7/view?usp=drivesdk;e14f3bb3
https://drive.google.com/file/d/1AibRjRZbOvSThrZW9Ow0y14-tqmD7AjU/view?usp=sharing;db4c4efc
https://drive.google.com/file/d/1GdibcE1ClfJmf25V6JPKxHuT3nuVPMBs/view?usp=sharing;2b3c2134
https://drive.google.com/file/d/1EOryrGh0bU4x623h9ZbKWCNr9Xxnzj6k/view?usp=sharing;df192fab
https://photos.app.goo.gl/nMJCv6FpvwYG8AXNA;ab87f9cb
https://photos.app.goo.gl/iZ4QV7jvot3Wou3M7;a4dcc779
https://drive.google.com/file/d/1AFSEAbZQuajsDR09TnaAOEvh_lJ65hE4/view?usp=drivesdk;ca3d9458
https://drive.google.com/file/d/1AOYk7YHtO_3iqRIIBSMr_LZlY2QQqWwg/view?usp=drivesdk;11be4d42
https://photos.google.com/share/AF1QipOBRy6doPF2ccRtMgF9yi3abxV78WL8b1-4re0Wgy93SLGPLTv2hp70jQEteEQWQA?key=YjhiWk11NU8yWUNybEpJVHdzbnVqeWlxcjhJaDNB;665b0416
https://yadi.sk/i/nBuNI9qo8ikyFg;b64f9c04
https://yadi.sk/i/-QUw17bXep2HUA;f7c34274
https://drive.google.com/file/d/1FWQXNvm6vFEn13oE66NQpbdPzPPmsfvl/view?usp=drivesdk;40df2056
https://disk.yandex.ru/i/_YbFpnA8NTU6Nw;eb044710
https://disk.yandex.ru/i/otV5H6KT22iOWQ;c1a6c7c9
https://disk.yandex.ru/i/mdEIwVEGtlMBgA;e5484b3b
https://yadi.sk/i/cgr6Yd7O6ubefA;4b1f4a07
https://disk.yandex.ru/i/_eHQNGG3S_wrqQ;5f416f36
https://disk.yandex.ru/i/VacaPd1KgwciBA;70b8afe9
https://disk.yandex.ru/i/BMY7HvVFazib1w;dc3abaad
https://disk.yandex.ru/i/8G50IZj51WpcKQ;6ab6b15e
https://disk.yandex.ru/i/zFodVBS-tQQqsw;1c40ac91
